{"boundaryID": "IND-ADM2-76128533", "boundaryISO": "IND", "boundaryYear": "2021", "boundaryType": "ADM2", "boundarySource": "Pathways Data Pvt. Ltd., lgdirectory.gov.in", "boundaryCanonical": "District", "boundaryLicense": "Open Data Commons Open Database License 1.0", "licenseDetail": "Open Data Commons Open Database License 1.0", "licenseSource": "https//geonode.pathwaysdata.com/layers/geonode", "boundarySourceURL": "https//geonode.pathwaysdata.com/layers/geonode", "sourceDataUpdateDate": "Thu Jan 19 07:31:04 2023", "buildDate": "Dec 12, 2023", "admUnitCount": "736", "meanVertices": "2716.0", "minVertices": "71", "maxVertices": "41402", "meanPerimeterLengthKM": "463.023708502529", "maxPerimeterLengthKM": "2615.169476353606", "minPerimeterLengthKM": "26.029156654808403", "meanAreaSqKM": "4449.7088250729", "minAreaSqKM": "8.884805375450998", "maxAreaSqKM": "85793.49211691093"}